st_tmag,st_logg,TESS Mag,ratio_eqt_teff,ratio_pl_orbper,ratio_pl_eqt,st_mass_est,log_pl_rade,log_pl_eqt,log_pl_orbper,log_TSM,log_st_teff,log_st_rad,log_Predicted Mass (M_Earth),log_pl_trandurh,log_pl_trandep,log_pl_insol,log_st_dist,log_ESM,log_ratio_pl_st_rad,log_ratio_rade_eqt
1.6721754300196336,1.8358392667909973,1.6721754300196336,-1.3049372414883578,-0.680251825432412,0.6848342810081477,-0.1926112910742387,-0.1456036975242448,-1.527402705153211,1.1466229942784958,-0.3436138695682699,-0.4976885355933652,-1.2619997922702406,-0.1852434750932071,-0.261928816466588,1.204573870066866,-1.499205954805484,0.3518573608610479,-0.9798142861095098,1.0155168834795192,0.9881811734079712
0.5405871534979599,0.0218587572278497,0.5405871534979599,0.5407317018101676,0.97437491225168,-0.2761505394668052,0.0567143295950912,0.8373663357927923,1.15433356211388,-0.7647824365028821,-0.172099313354491,1.503139277282045,0.3870248082306254,1.2128738949324107,-0.3993911642761801,0.5460998300557625,1.2849107777427025,1.0270519391603228,0.6842637830419417,0.5427826284006791,0.0024439129663623
1.705809124564107,0.5323906201555513,1.705809124564107,-0.7613444914074898,-0.4585015623302704,0.926028517354313,0.0348738155674016,0.8379645645337555,-0.4751486301914395,0.7645732005885232,-1.7487947612532622,0.1713870217701307,-0.004322258271699,1.2128738949324107,-0.2363990096693575,0.8223483036063715,-0.420469961292896,1.286486364845589,-0.3869386726548151,0.8363725028903966,1.1472443913510564
-0.5071230476623642,-0.3945126291535732,-0.5071230476623642,0.3169818362789647,-0.1362013689964523,-0.7028785235334074,-0.0920018827497443,-0.6698344577243028,0.5396130121535687,-0.8798667868521333,-0.1351911565848785,0.3540328482274769,0.2739525709039721,-0.6717952029370893,-1.229740861572406,-1.228735681016048,0.4808672562965325,0.0800479759763408,-0.3090183753712439,-0.9948898505229103,-0.9743144507630463
0.3195825616750818,0.2167101430976097,0.3195825616750818,-1.1616821763945626,-0.6776420591461859,1.4866248956042047,-0.1590087323919947,0.6287821273237926,-1.1751724905689789,1.7601635447500688,0.210640372742743,-0.2260604135554171,-0.3492182925562769,0.5039197492970775,1.5068330331892408,0.4965899462104161,-1.1446921919401265,0.0843056222070426,-0.1895631921403949,0.903851285690458,1.4524649373809129
-0.0426717666060223,0.4032939367321813,-0.0426717666060223,-1.5957024794791668,-0.784859665561913,-0.4055420014672835,-0.3417717986644238,-2.0241379895920595,-2.789455029466237,2.299688001573341,-3.3859928733836937,-2.059538740618176,-1.5397436343741386,-2.00949248927502,0.3943539853146698,-1.136837458144783,-2.506492858749975,-2.063376995413419,-2.4849695673933607,-1.0178510052962475,-0.2207286717377091
-1.074896331521615,-2.582046761420973,-1.074896331521615,1.157531961222591,1.932719585245396,0.3773613786261104,-0.3411819337884041,1.504922403375039,0.9235451721663496,-0.7311715942455282,3.269192258763973,0.0937329204085852,-0.1024035041039595,1.2128738949324107,-0.7719255114369052,-0.127990212951073,0.8828362323826854,-0.7469069096833606,2.83144379999765,1.5866399836438627,0.7498541437782241
0.5069534589534866,-0.2336645311927357,0.5069534589534866,0.0213386562724639,0.0282341331020196,0.0341509503576939,-0.1235795216640456,0.6372662806607697,0.3139068019936321,-0.2579302007770478,0.4457390652026851,0.319412103062749,0.0582446270847673,0.5113947403076538,0.4262180137173962,0.7163348144179545,0.4045599913133346,0.513473423231476,0.5694277071830348,0.5818635948530366,0.4139752769173305
-1.1472824037207443,0.4740670998349507,-1.1472824037207443,0.4146353248156196,-0.703638547987314,-0.915798754725065,-0.1589987632117562,-1.7473798171257957,0.4609057342955803,-0.0429260244156805,-0.601133974823433,0.0037435149089144,-0.4968545135396164,-1.7293053667225358,1.0452711493958085,-1.5223598258790976,0.3979070524912549,-1.0577927167062442,-1.279152479149154,-1.7605814333860204,-2.125612428592373
0.3943895530437004,0.0683116879189412,0.3943895530437004,-0.4114005544475542,-0.5508727857148009,0.2849880909795232,3.53867181255171,0.2690319949315421,-0.5229366554302635,0.6657053608248602,-0.0706129794779782,-0.8347106017769511,2.889252324621734,0.186841166188763,1.2027238238851057,-1.3730220066166798,-0.6290651059359811,1.327328552145222,-0.0034967148480549,-1.5642021278825862,0.6681331898873474
0.0374365076154906,0.3775582410584471,0.0374365076154906,-0.1226669969922928,-0.6291251514699472,-0.6742366338781162,-0.1987055872439342,-1.051920497290335,-0.1613875559203451,0.0055174550906583,-0.5779855506438214,-0.5660229442262452,-0.595270912330406,-1.0360532517816792,0.285030392247349,-0.6300997256667837,-0.2523774607707651,-0.4603521719199436,-0.9039191023790896,-0.7377520018694539,-0.8778704733196919
0.4176562944536252,-1.2309227385499315,0.4176562944536252,0.3613639400357926,-0.0178629786215938,-0.1000486135038731,-0.0092419297693376,0.9047453407390178,0.8830289380545375,-0.0272672315319831,-1.0365738097041752,1.120997847158629,1.1542678376983315,1.2128738949324107,1.2690904388381283,0.2414729686610884,0.839824949088606,1.4398142448879436,0.080187017484466,0.0956275889777488,0.2526567845685948
-1.1064036226106493,0.8400286923154497,-1.1064036226106493,0.278881842476419,-0.5983993388699043,-0.901944412991392,-0.2351254874481864,-1.9780636561669456,-0.1536306954524641,-0.8955240320602337,-2.19795178675698,-1.2775596207430528,-0.9846521436626052,-1.9642746172114776,-1.1892676314871522,-1.594457994413408,-0.243791567449909,-2.021165919799772,-0.7447754921594452,-1.6414429068268397,-2.0071324166216
0.08308644329319,0.5943171378704725,0.08308644329319,-0.7385499284496319,-0.1599832742878209,0.7964247613299104,-0.2123502392220012,0.4657450883460646,-0.8319377361341074,-0.1368063053191017,1.3446789274904287,-0.7652109626906642,-0.7663807687758034,0.3641226236581651,-0.8685707944812007,1.2513714583501858,-0.9501841208773087,-0.6373509230886578,1.1017658217219344,1.1180108341828965,1.064350652544098
0.742978352192899,1.1817987308626374,0.742978352192899,-0.369469943485163,-0.50227904010509,-0.0875592136415833,-0.21563338030529,-0.1249928163891901,-0.4757501333903876,0.1789256134488772,0.3477543441521751,-0.8143985164420188,-1.060868399829173,-0.1681003441145001,-0.2728839331281056,0.9521052284451764,-0.5812176647635005,-0.3540301800056886,-0.0137355031848019,0.8002147064233157,0.2686006272734527
-0.0103339412033677,-0.6196999662987475,-0.0103339412033677,-0.4525657598875209,-0.5148634859000798,0.0778585655795262,-0.1193712193700834,0.3893318512220944,-0.0735009299169001,0.6145432138165461,-0.0841591387675682,0.3597872563209591,0.3334553928269598,0.2937448445088027,1.0089135669053864,0.2402610520335361,-0.0009136120847614,0.4522998868671663,-0.0452550087419141,0.1187511262613319,0.462233659910936
1.3275331414387,0.3132190018741133,1.3275331414387,1.4745054209847368,2.8659520454142022,-0.1132705820807768,-0.0678922984362266,1.2288694355561725,1.313643978516586,-1.066282184332194,0.6768012737753368,0.6703512571207805,-0.1167040969889664,1.2128738949324107,-0.7172781031980914,0.9412710903764808,1.290822887769039,1.1799585426628816,1.2313455853366688,1.3216050365720011,0.2355481824132007
1.5001782530146217,0.3132190018741133,1.5001782530146217,0.657920582243047,1.0083598818840251,-0.3954005773240645,-0.0985213119450848,0.3397996436734057,0.8077827694580838,-1.028334402821791,-0.1918200654725214,0.4820331646055519,-0.2055787565244893,0.249905283540231,-0.0027191795875858,0.6132615140150549,0.9218520719078684,1.3832359062578816,0.0771238373733874,0.482644910867105,-0.2016885653111175
-0.1837447936358179,-0.973565781812592,-0.1837447936358179,3.515652850575796,0.1745427928553859,-0.7720553800377709,-0.1502991929001652,-0.1090089411532908,1.7008399261232097,-0.8393315976909596,0.0061744025879235,-0.2368065495778299,0.4586394083075025,-0.1522827011290535,-0.124524858054806,-1.1645267038111815,1.696421858001288,0.1553616896562431,0.2329331279728057,-0.5012760524026203,-1.2444205877535728
-1.5906345790225678,-0.973565781812592,-1.5906345790225678,0.0031912978641467,-0.2739687578050289,0.4421760657479399,-0.1036258705440951,1.065016020231573,0.2991300985505224,0.4792173002287883,1.3600663272198883,0.3171733274955464,0.6444952433161072,1.2128738949324107,1.115826443967323,0.6817726077943344,0.228949925652495,-0.608183568001569,1.6268856178028888,0.593665857528646,0.8041002874075917
-0.9264545213262958,-1.649127793248112,-0.9264545213262958,0.1878773595007017,-0.1594757799992114,-0.7764982698342414,0.1713836631534123,-0.4532317138906747,1.258070444696194,-0.7268404722926061,-0.7398111800285674,2.3283378115230278,1.964582461639648,-0.4674222766026999,-0.88873498430169,-1.7667432346947776,1.2329515643555469,1.0206759408342003,-0.8834839098579915,-1.834891330857764,-1.263988258791382
-0.4988177045261637,1.213968350454807,-0.4988177045261637,2.417364074255495,-0.617068506671008,-0.9120087901581284,-0.255466395528594,-1.5008159925670772,0.8485307575223134,-0.4287823333342683,0.3329214889918476,-1.423099435079789,-1.239338159078362,-1.4843825062907114,0.4272794086612378,-1.1645267038111815,0.8041392202929484,-1.8988687646164104,-0.4854226728002311,-0.6362067029514278,-2.092044542439979
0.6331239908523687,1.7567985114530422,0.6331239908523687,0.562564610745484,-0.126576097578369,-0.8722027671567008,-0.3021445152810832,-1.947199211065302,-0.4064114265560943,-1.5153585477754936,-2.046930712136084,-2.3452542347950858,-1.6625476468833085,-1.9312131992836723,-0.9884379639875832,-0.638731059233488,-0.3487686937037492,0.1441376391571475,-0.4146784126805213,-0.6981670100134024,-1.7859708310092075
-0.1485796173782867,-1.1344138797734296,-0.1485796173782867,-1.0337662280311186,-0.4659466181745085,1.260469477618033,-0.0703786805802624,0.9344853232609096,-0.6253775590997437,0.8619358276507756,-0.6128792969778016,0.653118722064585,0.8835198166410718,1.2128738949324107,-0.0513950067803682,0.4416068757502382,-0.7349908200600931,0.7163941076137975,0.2914830414843444,0.3007348759877334,1.3383302651845983
-0.3591583529238065,0.3109349588830701,-0.3591583529238065,-0.0339913640921075,-0.5491706936684814,-0.8056692840318327,-0.1710722358839892,-1.3872692272222076,0.0533799254398872,-0.6080731614028667,-0.5688508303644504,-0.2133592652097803,-0.4487647836422018,-1.369110024184526,-0.9511947065190264,-1.253773466590388,-0.0286063758583565,-0.5179627939406045,-0.9464103334316168,-1.2986017139576678,-1.400880148799866
-0.3897879871849727,-2.485537902644469,-0.3897879871849727,-0.0489116902676149,0.5706598782937842,-0.1363044243962431,0.0777242204625981,0.7904819224417587,0.8062108959587085,-0.5917329193008987,-1.3293424553556772,1.65558250327155,2.479461337967384,1.2128738949324107,-0.8666587235283945,-0.8023928721400747,0.7594366569182182,1.4863733155216152,0.0032576926894275,-0.8003405226923826,0.2051597143782557
-3.7432028104974178,0.8933659215992644,-3.7432028104974178,-0.4246623949235708,-0.7043573027978649,-0.8807898645285696,-0.2015950369098699,-2.009129904935464,-0.4470576856569622,-0.3006097966723459,-0.4498807200962892,-0.6186219641717736,-0.8725580850289486,-1.994788796269908,-1.6750682529101892,-1.930102318994914,-0.3911743204694939,-3.54954685431568,0.1670607841750677,-1.8112551304605555,-1.8458263513965127
-1.0324919590127424,1.1757508423793102,-1.0324919590127424,-0.0419451935951073,-0.5831802808609245,-0.8549239550934165,-0.242146370399665,-1.9432842522174003,-0.5584245571289911,-0.9197024132706448,-1.941437093270848,-1.69417015708435,-1.164737691145867,-1.9274233669437983,-1.3933443248421151,-1.2945460628814327,-0.5072564446688321,-2.2742693244218426,-0.5362834001469652,-1.381179181237733,-1.6737395270086552
-0.8258774049783307,0.4097278606506169,-0.8258774049783307,-0.3443620532713447,-0.6534656974056765,-0.7272075460621471,-0.1325437891926522,-1.12446072046275,-0.0096003226230494,0.0987168067995671,-0.1320352091853669,0.269531295488025,-0.37019593841402,-1.103418681107788,0.1123348041063061,-0.9760516342616926,-0.0943742161100054,-0.6167490105631346,-0.7974341830455195,-1.029014487420182,-1.0626674265154787
-0.6540333761446252,-1.01969701630776,-0.6540333761446252,0.2529811217398363,0.1299192260883586,0.2074558625839999,-0.1241033721712167,0.9755211939609952,0.4844904625082614,-0.1416131519683115,0.5681835205421034,0.3260305929961766,0.5999088374544455,1.2128738949324107,0.9653652099327766,0.6494387249136595,0.5832044997069424,0.048083084415303,1.2658504433780329,0.5336109938078722,0.5950589013572126
1.3887335068182227,-1.4239404561029376,1.3887335068182227,0.6115498272597697,1.6786537934698982,0.1729811757427526,-0.1235914202345844,1.1279719986590588,0.7239803793782983,-0.8554871426981421,-0.7112651952965539,0.3452128326441343,0.9043846557391924,1.2128738949324107,-0.3731630417452744,0.6653521125386159,0.6732728076923713,1.7105875177962513,0.4626006314261463,0.4830580262557849,0.5611095056738322
0.5992546837366562,0.0683116879189412,0.5992546837366562,-0.6455445824023045,-0.336377569622582,0.6302367963323926,-0.2505969921955295,0.6009046845998388,-0.4944717276773265,0.2699658008085013,-0.7010523302545787,-0.1911441429143451,-0.6796757701801518,1.2128738949324107,-0.2819762678765934,1.3112332314640935,-0.5999442535971928,0.1441376391571475,0.3992625031812533,1.1739021105397396,0.949111906831573
0.1559496309490811,0.4307346222443014,0.1559496309490811,-0.0286769554820056,0.2223129300003543,0.1082223991509962,-0.1335765811124741,0.597497032818835,0.148164070892082,-0.4660121789746412,1.1371913716767064,0.0082605922085564,-0.3858020606510847,0.4766128660203364,-0.0825473471269962,1.0523801412898646,0.2310347609114913,0.0364731867465024,1.0258706379915148,0.9031024284778614,0.4946722845798799
1.050158241946713,-0.9092265426282554,1.050158241946713,0.2573567454907817,0.0665190295618469,0.0375166469629324,-0.1026013656308396,0.8217734551462222,0.5430461115666072,-0.1780893867046997,-1.4095835161079295,0.4617882335273814,0.6011558224114165,1.2128738949324107,0.9866904686194168,0.5034804433041629,0.6445354147995448,1.3519001093675342,0.0647535264250789,0.376133819212693,0.417759820992467
-0.8521717679286867,-0.5875303467065806,-0.8521717679286867,-0.1579406756295358,0.7291244159502476,3.027269603015797,-0.0656809061686045,2.472946028421623,0.2799236929608704,0.3944665666845159,4.361662266643337,0.5835484606346605,0.4943243792787096,1.2128738949324107,-0.064598926309219,0.7057293850347695,0.2084986739827646,-0.0135686015493293,2.814060940637976,2.095189052033438,2.032634865719958
0.506835652667867,-1.1022442601812612,0.506835652667867,-0.9519684280451328,-0.4130481917545898,1.039025014590981,-0.087600286859567,0.8507093774998039,-0.5557690748814854,0.641119856825842,-1.2461063232370144,0.55015485629578,0.7986647463305985,1.2128738949324107,-1.155847528326546,0.1274940599605264,-0.6634460660502982,1.1245130091730025,-0.0488343804194137,0.27164820731599,1.2151988462368153
1.3632873491243314,0.2167101430976097,1.3632873491243314,-1.059646547723358,-0.4955309378829247,0.6397575349993856,-0.1391736808159864,0.3269775581895494,-0.8572485444502648,0.4977659819992571,-0.7319577424586031,0.1761638715609778,-0.2784046723023902,0.2384407757708207,-0.8071541319439235,0.6252410979776346,-0.974214077598114,1.117544133529335,-0.5495156143705698,0.5297714051680983,0.9560152778189468
1.76665607108677,0.4356887436614962,1.76665607108677,0.2218591260844654,0.7899397374604253,0.0568837432268857,-0.1679025223217056,0.6307913985066005,0.2695566824340535,-0.7944057158746329,0.0393800406838774,-0.1465123005512133,-0.5073412801118815,0.5057354774012632,-0.3373651484916928,1.1800701394627342,0.3581216668981349,1.1573346025907438,0.4074569592550819,1.044878332280354,0.439312429498413
-0.8571255222390021,0.1117085047487753,-0.8571255222390021,-0.7274541551266714,-0.7059151727651021,-0.7432119651714667,-0.2314150423885974,-1.4654514090312656,-0.4702082781839075,0.255205530621359,-0.429472132714111,0.0887592908144751,-0.6006713556144997,-1.444151129137599,0.1862333715454841,-1.1736092815674732,-0.4153184378760892,-0.9405227998969312,-1.1570868570629764,-1.2658834313179228,-1.1244749000989345
1.9001305926940848,1.1496291112704704,1.9001305926940848,-0.581125182762903,-0.1525995463780841,0.7184810476925132,-0.2523933411377927,0.172322259236382,-1.1383330669001115,-0.3424915293677746,0.0173462355805911,-1.9318600132226624,-1.1988041515487182,0.0968807560043831,-0.9364172104631212,1.401217547842151,-1.2631725666038311,-0.0587534994558643,0.1131363675085387,1.279601924013276,1.011651320724159
1.8595463272980384,2.556245727937998,1.8595463272980384,-0.8146365143327178,0.0471284361850567,0.7579849469791647,-0.3502627262591517,-0.217851781453552,-1.696775304350723,-0.7984401953989914,2.19884746828524,-2.664189604527449,-2.1492725406825413,0.1635893197329948,1.1835097714419796,2.324973408705218,-1.6644343900993348,-1.3564726329712036,1.3883603869528494,2.568925574195766,1.0386443800819731
-0.7902115520069152,0.136704299171889,-0.7902115520069152,-0.7417205056314236,-0.5568655669166105,0.4013913818787455,-0.0794959396074428,0.4710871689165061,-0.4064511205989913,0.8495108558405806,0.9914144825403768,0.2842960511417164,-0.0384568815551384,0.3657455911634193,1.5042892256291405,0.6180237250219544,-0.3488101145933383,-0.4251980722502188,0.6021101876425932,0.4851339051174926,0.7702475297662843
1.2319922438009845,0.6992544369801249,1.2319922438009845,0.9295363774420764,0.0506934507312227,-0.2153649905708694,-0.1463515911057611,0.6764993122557507,0.8186606893944123,-0.2564058027219684,0.4350245382769815,0.1306391222866726,-0.5786553311745535,0.5411035845832018,0.9217208037005868,1.2014183216612495,0.7727129642138361,0.7770837036902084,0.4663989772147122,1.1569804446856298,0.0947092391337117
-1.3318848532870826,0.5384063390192875,-1.3318848532870826,-1.001042868473752,-0.7447820877919787,-0.7207939515995067,-0.1436987618570686,-1.5742628849090794,-0.7779577728075394,0.7583531108354841,-0.4706454962140157,0.1684893515456751,-0.4807437117234251,-1.5510414867444329,-0.1720513780386132,-1.4800805330959328,-0.8938546395342417,-1.1215744963621077,-1.347887347870363,-1.525178820011074,-1.0387494767613463
-0.4327283782934162,-0.5231911075222438,-0.4327283782934162,0.3668947441512357,0.2051394910938795,0.3179834230430239,-0.1278348322114592,1.1749899635788148,0.5878180807988675,-0.0818047507261011,1.1371913716767064,0.390438521475735,0.2356930731394131,1.2128738949324107,-0.1395506258136949,0.9429745845622286,0.5305787697581535,0.1970152015241095,1.447225761268268,0.9956045441873524,0.6979542284832742
-3.4948671604107284,0.6349151977957882,-3.4948671604107284,-0.93723897720424,-0.7653055088858646,-0.8220838355156689,-0.1022085671080512,-1.8960720310218424,-0.7335057339444145,1.0029808851188655,0.8850436968443173,0.0680349158648029,-0.4075570146056287,-1.8799200856902596,0.6760034468221481,-2.024173323498382,-0.6893450763598128,-2.798121302323674,-0.8251105055115375,-2.067517695555622,-1.485227203862293
0.9383600768934552,-1.005735401404759,0.9383600768934552,-0.3476645633726758,-0.5371391757474552,0.011013049382803,-0.160963541641875,0.2460398573579972,-0.1536306954524641,0.5906253940041941,-1.1949669172872084,-0.0753234592376446,0.4346251315961401,0.1635893197329948,1.193402827008449,0.027033590909885,-0.243789863600219,1.0649901861140902,-0.7196808183723514,-0.1044731933300112,0.3876361195274252
1.0387899353843957,0.8753187650080588,1.0387899353843957,-1.2915189411181804,-0.688890516943568,1.0668056889624151,-0.1484243931529753,0.3098317021277546,-1.2712754898344116,1.6131728730167405,-0.4335259406289699,0.0702602145210755,-0.6796757701801518,0.2171240454495725,0.5554372923859031,1.1551119385103292,-1.3962354014660907,0.5569172134648335,-0.8345509288074066,0.8707089857628585,1.2313431488630555
-0.241823292446414,0.482978084461981,-0.241823292446414,-0.3859400745925324,-0.0461370686686286,0.4619930803853368,-0.1434392135585848,0.7007086841556377,-0.1836735339205046,-0.1302954346290242,1.5473214620821938,-0.0630633553463642,-0.4484784276375493,0.5667364355682507,-0.5208457657888764,1.0685731458634624,-0.1161168823120278,-0.4207863498654495,1.299615676032272,1.0643394290407882,0.820216959506182
-1.2687406841948323,0.1711257921355081,-1.2687406841948323,1.0635759449833653,2.470470594906648,-0.2329520060529825,-0.0346544948866165,0.8330806942875727,1.0544996584912458,-1.1666394335376362,1.779072151094847,0.5322284181828594,0.0643705552103582,1.2128738949324107,-0.5155637429373535,0.8592179820387891,1.0196482321161129,-0.6756927422277509,2.249716628937589,0.7780921371722154,0.0687220403711698
0.6290596739984832,0.2418667856186838,0.6290596739984832,0.5452638235303398,1.081728128449522,0.0512744209720901,-0.1412211995220899,0.7766079717813006,0.4639636943968918,-0.8394873535818229,0.0529467951123713,-0.1912229951865506,-0.3005131585930887,1.2128738949324107,-0.2186121515720045,1.1420162560334175,0.5617057165707726,0.4428997658851496,1.1462225538936384,1.0143060565040696,0.4331090823645052
-0.0477374368876765,0.5920330948794293,-0.0477374368876765,-0.5077318832691232,-0.4564524045932421,-0.1454882535389197,-0.1912595822295281,-0.197050952570541,-0.4651475149561775,-0.0150272339955615,0.5855530475950395,-0.4665350323036761,-0.6800555652095076,-0.2320708768169028,-0.1542142054840782,0.4054322787514605,-0.4100410427993797,-0.5347870212778439,0.2303989124199607,0.3282039274308032,0.192829833916011
0.91585907634006,-0.9215475069320578,0.91585907634006,0.50124796489947,0.5800204082862743,0.1884794790728185,-0.1387035168467952,1.0428324536307183,0.5954661851620886,-0.447930675723594,-0.4133936248943465,0.1973777149681682,0.4703167337101925,1.2128738949324107,0.8606216720710609,0.8395454531342896,0.6994426648125455,1.1498078888347765,0.6350595376666659,0.6923822993870297,0.5764883457910505
-0.2854116181257663,1.6959335911846596,-0.2854116181257663,-1.310940043152253,-0.752319514220714,-0.2971424385232498,-0.3018955763699599,-1.5340333664998778,-2.142006449402904,0.98453118032259,0.3488067913433243,-1.9759935755051168,-1.6424790819664097,-1.513235575212109,-0.3660676104781625,-0.0809144148399393,-2.068169886625812,-2.384623951443706,-1.5058819942084194,-0.1154883070769649,-0.0311077588189524
0.4052866344635382,0.5705759586114544,0.4052866344635382,-0.5055139649190488,-0.2352265133522721,0.1294622382770278,-0.1716557568466597,0.2431374801223139,-0.3414029424157501,-0.172415011357217,-0.0706129794779782,-0.1692796354234363,-0.595270912330406,0.1659394533628175,1.4101196812284813,0.7649967529601462,-0.4410349649138593,-0.0057968686357609,-0.0034967148480549,0.7209738023001756,0.51686273501798
0.352038193363356,0.1900736980752947,0.352038193363356,-0.0811189498954417,-0.085567744184484,0.1054239905990227,-0.1565247814201193,0.5571751010913681,0.1007285769422451,-0.1767203535656514,0.7152990410208424,-0.0068150010487201,-0.3243823746220614,0.4795671764965798,-0.5100952880058479,0.7594186310002032,0.09112164659767,0.1949696214678581,0.716865898390614,0.8086191816919598,0.4917183867708569
1.29142551489621,1.3426468288234776,1.29142551489621,-0.4210565659863878,0.2867377072166712,0.9702719084011548,-0.267566512699733,0.4528618881648725,-1.0050000128140646,-0.6029306143328843,1.3114217211352217,-1.991609178509824,-1.3463015420450166,0.3496473372653242,-0.8645343816043881,1.9264736038439465,-0.9701775121579173,-0.7684290014590023,1.1623821925509323,1.7596696053712368,1.174303165247941
0.6949133876599916,-2.485537902644469,0.6949133876599916,1.046504005319148,0.0203281146120812,-0.3080432340959277,-0.1374453200196715,0.6036569212492751,0.9302072487737174,-0.2711982234108842,-1.120347391524694,0.2503100302017432,1.7005681588012798,0.4831335733135664,1.4781801868865148,-0.3894156102162072,0.8891893848530736,1.4814640565408193,-0.3189832796006749,-0.5475286377374701,-0.0489005895546933
0.1286774758280807,0.7957632957566257,0.1286774758280807,-0.556219083958584,-0.751657852351291,-0.446740725807382,-0.2313560095619376,-0.9251287943438166,-0.7912968455943524,1.5706379958908852,-0.6367236114716902,-1.145305218919589,-0.9472178699980588,-0.9112153768079864,1.028114482395496,-0.4998601115624148,-0.9079996169728752,-0.9376375318894636,-1.550735032331703,-0.2343537897567525,-0.3012774675224483
-0.5140147153711273,-2.1316720871306254,-0.5140147153711273,2.691196357105498,0.4546890887652249,-0.8510441348730676,-0.0754886384938767,-0.4670803628903439,1.788732155370326,-1.178965334428843,-0.8642930545821319,0.6328281011887672,1.6687445301811683,-0.4804757632272093,-0.6785827223213864,-1.6563910582289156,1.9495413557037429,0.7308152420374463,-0.5495156143705698,-1.677143561939131,-1.6498943259230496
-0.1401564679564656,0.1959607384606613,-0.1401564679564656,-0.2589671224832047,0.0065543721034472,0.4064020550977293,-0.1521765539629498,0.7765817052106702,-0.0221476402445606,-0.1421181134170038,0.4486445403266885,0.0539142917582114,-0.3120140271834402,1.2128738949324107,-0.0109908496957816,1.1174503748930964,0.052805336469639,-0.138821397518644,1.2284024754558596,1.0240209589039255,0.7744574014255282
0.5774605208969795,0.0683116879189412,0.5774605208969795,0.6691346581773191,-0.479556679650743,-0.7433943884559112,-0.2595557428495753,-0.8718799078521401,0.4609057342955803,-0.4386825836539466,-0.4153915959297911,-0.3821639631978013,-0.7314147404097617,-0.8051521720608934,0.458655260203061,-0.3251917229422767,0.3977733939776605,0.1441376391571475,-0.5766491606084732,-0.3902375050227254,-1.1251977162726308
-1.0752320794356311,-0.3922929254017148,-1.0752320794356311,-0.8896421012097667,-0.7530725989436486,-0.699260092483847,-0.106689226906822,-1.3549322426235404,-0.5191143651475881,1.189914549211918,-1.250132694159124,0.4427921521895346,0.2228369887372634,-1.3347884402627763,0.9597006754259162,-1.769088809074882,-0.6259841081319272,-0.4113579980288607,-1.6486910828296988,-1.7977443861127638,-0.9617023894291012
1.1257898773146708,-0.498517009295051,1.1257898773146708,0.8061366023468105,0.5947237570164908,-0.4062344705621001,-0.1207327822107581,0.3431204872858851,0.8410846084071227,-0.852351495635752,-0.4214057189559795,0.3530267617790262,0.2451733733700794,0.2528506572462556,-1.4576109331605631,0.2476685360372027,0.9567389680875578,1.2605797961467131,-0.0596687308841977,0.1350324251944376,-0.2220396270469033
0.0275996827662313,0.4032939367321813,0.0275996827662313,-0.0559990988550854,-0.5949012006378603,-0.1101667020946302,2.844592588154905,0.1169100734779487,-0.112329931043109,0.7564765486589706,-1.9855084824286948,-0.5763683355031075,2.330232847305616,0.0511282461015904,1.9851563379934831,-1.3115863017370977,-0.2006986513268163,0.953920928119864,-0.9573920945425094,-1.4196651798177962,0.2395860026817137
-1.100348379529788,-1.5204493148794411,-1.100348379529788,1.6292507481889087,-0.2532908595387387,-0.824475540822016,-0.106992116784449,-0.6705773403209658,1.2847228295956814,-0.7385072295564211,-0.3249354408739602,0.4271494359188039,1.046728747783111,-0.672755314524138,0.3544944564588506,-1.4960526691768037,1.2604825247756366,-0.0274579662682439,-0.3815033188455739,-1.5251279592161564,-1.4980173746507557
-0.4989355108117833,0.0683116879189412,-0.4989355108117833,0.2894775182169432,-0.0088417382480666,-0.3896725875565946,1.896057491446983,0.4866938472118264,0.982606533114036,-0.3148030308757256,-0.0706129794779782,1.4824304059468527,2.194524579483041,0.3780901972529716,0.2916996937716024,-0.5634174659456251,0.9446725783434656,1.3169369316738726,-0.0034967148480549,-0.9544811658112377,-0.1910640375038774
0.7352620404847976,-0.5875303467065806,0.7352620404847976,-0.0030573956317161,-0.2409087449644257,-0.1463327308533349,-0.0884992098645091,0.4449688334024385,0.3836599028265224,-0.0241300943705443,-0.5418600743117925,0.5355538268378734,0.4198386112283117,0.3427538701092147,-0.7126872334162955,0.2270894076449643,0.477604246503224,1.1486282590017651,-0.2244722863996388,0.1146546856012886,0.1916898045259704
-0.2854116181257663,1.6959335911846596,-0.2854116181257663,-0.8306840124477874,-0.7214074454464404,-0.7878041278708239,-0.3018955763699599,-2.118584956321208,-1.4349148473538214,-0.2271859290242104,-2.243543244720939,-1.9759935755051168,-1.6424790819664097,-2.137085365935935,-1.1099495435721274,-0.935333019845384,-1.4072922397628984,-2.384623951443706,-1.3660262458397556,-1.0206085645145733,-1.3152415867602842
0.4976467623895176,0.2167101430976097,0.4976467623895176,0.3301039231498154,0.3119725469517941,-0.5930173535998502,-0.1604942712764012,-0.4412514527334213,0.3853061741047018,-1.0968543231027728,-0.0352262381644057,-0.044739122065814,-0.3547123236221584,-0.4571975440029749,-1.50306228854378,-0.2876730509564616,0.3182839725265454,0.2861157817082826,-0.0416914400813319,-0.2368401095565212,-0.6396646746183939
-0.2534861147227813,-0.6071538146578027,-0.2534861147227813,0.3646633765354443,0.5643159000174126,0.1659423525791006,-0.0843450402567027,1.0733959146842482,0.6657179739461598,-0.419687453786187,0.7615471568994613,0.5844686820984862,0.4476393533553551,1.2128738949324107,0.793016352705307,0.8762545530623583,0.7730310395955968,0.3810187271388137,1.3149903692777176,0.7393802678221035,0.5540605773062826
1.0976341750515213,0.4897658741959285,1.0976341750515213,-0.5297914010386314,-0.1579474156512252,0.706716343814798,-0.1971672797597983,0.6975341196250416,-0.4486286954850026,0.0187802525427498,0.4810867347127638,-0.3724437528609056,-0.6492754443988668,0.563902889821655,0.1843465387320387,1.427187612284982,-0.3928129538547549,0.4215408516339742,0.5301302516535629,1.2445738465279228,1.0034960072229304
1.417890562509141,0.4041303468415774,1.417890562509141,0.9610671171262952,3.024224683747603,-0.0466509158532858,-0.1490673877085466,0.8884857138486155,0.767429114798925,-1.2303202068035886,-0.0395924503010986,-0.0363667921191826,-0.4225273195369854,1.2128738949324107,-0.4264272482396526,1.313480068835792,0.8795783030571214,0.9780391200269024,1.1128990601703304,1.2336522546371818,0.3194146857697383
1.658804416601778,0.4032939367321813,1.658804416601778,-0.4455503614847744,-0.0135190385837917,0.4691013804454459,-0.2551075875917022,0.5100917505910623,-0.4355591727919298,-0.2944061763987483,0.1599519348753151,-0.5419809815590592,-0.8744453072440695,0.399977893636723,-0.2607099450175988,1.456243658298054,-0.3791799822001467,0.6266973106801016,0.3077895958960486,1.2731901715525415,0.8259466016444215
1.2177965863837903,0.04141788593989,1.2177965863837903,0.9732642545144272,1.9403374134622704,0.1635058985550078,-0.0928429232102764,1.2418522534529612,0.8796096850298036,-0.8688802778858487,0.0796248516275498,0.221779689720635,-0.0179239429177651,1.2128738949324107,-0.2600586244666122,0.95979390371957,0.8359598953301581,1.2160433847496486,0.9261707932147204,1.256185800983502,0.5516111309376914
0.1960626712026469,-0.7440998852616588,0.1960626712026469,0.338746381797755,0.1264797882808534,-0.0560997966712585,-0.0857693334208205,0.7386415881273024,0.594142285634702,-0.2923977778234323,-0.703597339721253,0.4516295645266746,0.5408006425213714,1.2128738949324107,0.5118897702096948,0.4250404095759513,0.698055921545383,0.7820032210310275,0.5405676426600455,0.3328878546989673,0.3078638746973716
0.0790810295821143,0.0683116879189412,0.0790810295821143,-1.1844918790271854,-0.550769463987278,2.152471262983322,0.0710698656077242,1.1536723657125425,-0.918577002950048,1.3560507761761111,-0.0150597982282678,0.490440231665207,0.3860459198793029,1.2128738949324107,0.3762571064177034,0.9864566082212411,-1.0373291075824045,0.6246615682861894,0.4033701303187589,0.8644487189768585,1.7373838147696383
0.4947016052490203,0.1845405235054427,0.4947016052490203,0.2359023268497929,-0.5153273860009386,-0.7437243882895982,-0.144684811763002,-0.9127176020563936,0.402266706933817,-0.3647116632833543,-0.9271645882814478,0.1539713533445478,-0.2784046723023902,-0.9000844060080408,0.113634150983833,-0.7588632249350877,0.3363302145136713,0.4013995908338477,-1.0510793982523614,-0.8479868434218182,-1.126506361485712
-0.3325930355165257,0.2488797626897766,-0.3325930355165257,-0.4878928432854322,-0.3878644081014522,-0.0098893270268851,-0.1510683798994912,0.162932735192595,-0.2279451645907669,0.0698807306213468,0.8224267479032695,0.0658084538563881,-0.3393036903095072,0.0882042371908058,-1.087169950952328,0.2355044844035745,-0.3213001724144059,-0.3086348534996561,0.5195561223811367,0.4082420054630534,0.3633441441730357
-1.2232026644884706,-0.9413961622204252,-1.2232026644884706,2.2160764689656656,1.1282599722432445,-0.8936260518306764,0.1941136906836935,-0.3626709747050223,2.348701140754614,-1.3557185109558711,0.3103196144719913,2.430103183161168,1.4126489836662637,-0.3858515676536391,-0.4940177024272523,-1.2630958366316891,2.3750689966096283,0.510224939573146,-0.0488343804194137,-1.4056632776014857,-1.9411440482804316
0.7539932398983574,-1.681297412840279,0.7539932398983574,-0.3640665154128508,-0.5850136516980956,0.0220937856589008,-0.1606564685287634,0.2503513029629225,-0.1660582965548003,0.8106475551094802,-1.5055864945994746,-0.0691889955942232,0.9354276001216892,0.1682817986316171,1.572401132636662,-0.3091915140673736,-0.258292705100466,1.1878779562534656,-0.8936368360606729,-0.4409844171463469,0.4003207239061642
0.4980590843891872,-1.3274315973264357,0.4980590843891872,0.930518719293289,0.9371770807269344,0.0107773607228507,-0.1044639156593276,1.1136766985662168,0.953569565920719,-0.5954368349924167,-0.1704705773410532,0.4590816235550623,0.9070869591733492,1.2128738949324107,1.1122706333850598,0.5781867686835382,1.0745804051633223,1.1713834597673023,0.7548562981309329,0.466848413194371,0.3873648825790207
-0.4058685451720853,-2.8394037181583123,-0.4058685451720853,2.23524291877708,3.1611040512860678,0.1721976703298142,-0.0355370496298781,1.8683232574331792,1.6405162225777743,-0.8160760008202588,1.4740377190257308,0.6812870626941917,2.441201840202826,1.2128738949324107,-0.56769309825701,-0.5207177860506492,1.633436773445636,1.2521874096667571,1.5145944227793524,0.3028568806930749,0.5603268815178137
-0.1656615287931679,1.278307589639141,-0.1656615287931679,3.0030514112633733,0.1289303927447284,-0.7104991891744827,-0.1256864648665097,-0.0992724111662149,1.3675001926243966,-0.7992497525288234,1.3272424118234811,-0.6562652409421412,-0.8195610021368545,-0.1150936638751238,0.412888429700666,0.5951895735330786,1.3476116592723009,-0.806958799268843,1.0343521204865327,0.5716782703272559,-1.0013094174531167
1.9186261795364044,1.793021503113823,1.9186261795364044,-1.0109279121963732,0.050930491965692,1.632494097151984,-0.3025852406705833,0.1646693657013011,-1.8724928340038336,-0.5779797529372784,1.126295769233705,-2.4767147776106904,-1.6758951917485028,0.0900569303564069,-2.0780723604843394,1.6011431667057414,-1.968578513989894,-0.8895707093329829,0.692896453465273,1.9423321515466612,1.5208060903641254
-0.1149459228338133,0.7008950875793234,-0.1149459228338133,-1.1086290728431978,-0.7465596036588517,-0.4427146210788446,-0.1863191217925314,-1.1628891794990446,-1.1647410957772928,1.212620955862337,-0.908859743048602,-0.3999565981725966,-0.7182173643464426,-1.1446503858273949,-0.0198205973187571,-0.6445900801299697,-1.134040098586574,-0.5881240741869127,-1.550735032331703,-0.7593286338362634,-0.2931679061083092
-0.3259369803790028,-0.1749871450566233,-0.3259369803790028,0.1585736662296509,0.1784714876277781,0.1351894338851455,-0.160317315890056,0.7492245795569252,0.3015160861515739,-0.3337961049500285,0.4012834030674009,0.041240241088579,-0.1167040969889664,1.2128738949324107,0.1484674294778607,0.9532245711929972,0.23175391544141,-0.1950799082337312,1.3189534557527456,0.8346934065935256,0.5227779855542208
-0.3456106300775214,-0.426682248745743,-0.3456106300775214,1.7879289217348624,1.16992177060127,0.1079913145960116,-0.1060258807969386,1.529964173665164,1.318306983664609,-0.4561604697650152,2.1567866054073868,0.3392994522668351,0.2484974226555658,1.2128738949324107,0.4221080505332709,0.3566857987444451,1.2957494035910777,0.168724368660022,2.00838190333232,1.3418771996393528,0.494428630183734
-1.0737712814939446,0.4740670998349507,-1.0737712814939446,0.0148431542194341,-0.4372071608791248,-0.8473538469960286,-0.1680707145961529,-1.5371362157713109,0.1247510972908749,-0.9861006356627392,0.1722179349772719,-0.130934921633342,-0.529322923440262,-1.513235575212109,-1.5526637510325554,-1.3662344438299028,0.0464050471177524,-1.076554584401029,-0.5232646180633019,-1.4297013045972478,-1.6276373324964435
-0.1951720033409449,2.179056938219835,-0.1951720033409449,-0.1709860725768089,-0.5965386710493144,-0.7452021575202613,0.5052546019941431,-1.1921797026839247,-0.0158137241764048,-0.2751286301166572,-0.6684532644236175,-0.1130910910110558,-0.3665348518605413,-1.1733213663733544,-0.2962128428738653,-1.0334439006666565,0.0594318280791761,-0.316545351979516,-1.0146605747047512,-1.1173901456855442,-1.1323838270682192
-0.0426717666060223,0.4032939367321813,-0.0426717666060223,-1.525742763222384,-0.7851396129615922,-0.6339724855848988,-0.3417717986644238,-2.2856699384038035,-2.6176104587828597,1.965318821688258,-3.248556625378364,-2.059538740618176,-1.5397436343741386,-2.4403911419408626,0.1445450669625748,-1.5693440438439024,-2.412885201856042,-2.063376995413419,-2.4849695673933607,-1.491984086803391,-0.7539888588813262
0.1911737103494221,-0.1280516700716505,0.1911737103494221,0.005956144556475,0.1327009323596595,0.1651869883838215,-0.0721997333044584,0.8469433978070059,0.3818532811054697,-0.2284898045348251,-0.0691173268963405,0.5142262046856055,0.1562664169365746,1.2128738949324107,0.6015274511369899,0.8434547874293482,0.4757122870320804,0.5612399724869214,0.8185444467588135,0.7222706660696194,0.5533017096119516
0.5819960628933455,0.2569221675878197,0.5819960628933455,-0.0930762927204946,-0.2285973174157269,0.1444152785953743,-0.1497393237102935,0.6022414249583231,0.1007285769422451,0.0646900185740511,0.4829678283409899,0.0165294778931165,-0.3393036903095072,0.5284569205084173,0.2487366720692577,0.9951158300079354,0.09112164659767,0.3976248119920475,0.5283774887703815,0.867962006413924,0.5322470179365453
-0.4400912711446577,0.6027455782036213,-0.4400912711446577,1.2718967982459377,1.0370394065829067,-0.7246782213801948,-0.1572401295628813,-0.4699772846990769,0.9343581525464504,-1.3723351983532874,1.230505069680181,-0.0196713476701136,-0.5621260651152349,-0.4873403531082073,-2.0504988043239014,-0.4559733293934562,0.8934279170565751,-0.5855959784354324,0.8775727140362984,-0.0851067612955098,-1.0531789960153315
-1.2960717424586423,-0.5411095856350828,-1.2960717424586423,0.0303961677890817,-0.4113759009944033,-0.0703820602831451,0.4087652214764256,0.7550369999497125,0.6401308300974781,0.5648593443873375,-0.3838198205204371,1.1000869181693993,1.447756489715468,1.2128738949324107,-0.5299078288634422,-0.7494967704676878,0.746228241859489,0.2465596267698278,0.5474516672505889,-0.239729491603865,0.2901947887693079
-1.165542377991825,-1.1665834993655966,-1.165542377991825,3.4699843387859413,4.357124491142826,-0.1209395539235908,-0.0774557769169888,1.8033310889269387,2.037832279237013,-1.0255417404185894,3.354359974963942,0.6204637923570263,0.8835198166410718,1.2128738949324107,0.2471084839299171,0.0428196375982017,2.0496527950331584,-0.1354643286198311,2.7981951326888965,1.1715465032588863,0.225514133542664
0.9232219691913024,-0.3945126291535732,0.9232219691913024,0.1510876230520924,0.8357920765816541,-0.2915064362988064,-0.1145345421117703,0.2523182649970231,0.4379068224754136,-1.005878575339388,-0.1040021761629634,0.3878238299867385,0.1969679311159739,0.1719747091971898,-1.3058500187475088,0.0973360649461236,0.3744012504773842,1.0151909999927458,0.1887304612455309,0.075352766972039,-0.0220088975042753
-2.131789532646009,0.4307346222443014,-2.131789532646009,-0.0135113543965617,-0.6850437120296133,-0.869888492180587,-0.1383032883022966,-1.59180557860497,0.2334419071438912,-0.0717519970805432,0.4544342912748595,0.1880104734919461,-0.4013910565243184,-1.5678842703190012,-0.4369020862803976,-1.504172042182943,0.1600350009502422,-1.6805193980415143,-0.5905658327832236,-1.6198341747448566,-1.770328164818961
-0.9249112589846764,2.0185305364549184,-0.9249112589846764,0.0228816219022961,-0.701849908509088,-0.9066407168206052,-0.3127059239057022,-2.2374877103952286,-0.6643624800601238,-0.5672783080424187,-1.0882371270941475,-2.0754642757655506,-1.7950805320059815,-2.345522927018077,-1.704902634085879,-1.2110522577636116,-0.7769177825590096,-3.1053072801732142,-0.8441030756816285,-0.9733372939835369,-2.046022429954408
-1.4196505360738871,0.4997384562695001,-1.4196505360738871,-0.4832527112812761,-0.7542338261909031,-0.6080260027199709,-0.1548765766043477,-0.9288924164728825,-0.257266740264658,1.640117011553818,0.2223973011354554,-0.0169758629021135,-0.4968545135396164,-0.9216130359335434,1.4081703115989777,-0.6627869609313477,-0.3532706541933172,-1.2869532276153048,-0.9355759829668328,-0.677793235331746,-0.6803308883915989
